City_ID,City,Country,Lat,Lng,Max Temp,Humidity,Cloudiness,Wind Speed,Current Description,Rain (inches),Snow (inches)
0,Sosnovo-Ozerskoye,RU,52.52,111.54,56.75,91,71,4.27,broken clouds,0.0,0
1,Kapaa,US,22.08,-159.32,82.4,69,40,12.75,scattered clouds,0.0,0
2,Mahebourg,MU,-20.41,57.7,69.8,77,75,20.8,shower rain,0.0,0
3,Cape Town,ZA,-33.93,18.42,53.01,87,75,16.11,heavy intensity rain,2.54,0
4,Qaanaaq,GL,77.48,-69.36,46.24,56,76,3.4,broken clouds,0.0,0
5,Mazatlan,MX,23.22,-106.42,91.4,63,5,10.29,clear sky,0.0,0
6,Liverpool,GB,53.41,-2.98,59.0,67,20,16.11,few clouds,0.0,0
7,Rikitea,PF,-23.12,-134.97,67.71,65,83,18.99,broken clouds,0.0,0
8,Bredasdorp,ZA,-34.53,20.04,51.8,87,84,4.7,broken clouds,0.0,0
9,Ushuaia,AR,-54.8,-68.3,33.8,80,100,3.36,overcast clouds,0.0,0
10,Victoria,HK,22.29,114.16,84.99,82,100,14.85,overcast clouds,0.0,0
11,Mataura,NZ,-46.19,168.86,41.72,92,100,4.34,light rain,0.12,0
12,Barrow,US,71.29,-156.79,35.6,80,90,6.93,overcast clouds,0.0,0
13,Albany,US,42.6,-73.97,82.99,65,100,9.4,moderate rain,2.91,0
14,Vaini,TO,-21.2,-175.2,69.8,88,20,9.17,few clouds,0.0,0
15,Punta Arenas,CL,-53.15,-70.92,33.8,80,75,8.05,broken clouds,0.0,0
16,Busselton,AU,-33.65,115.33,41.0,78,0,12.17,clear sky,0.0,0
17,Fortuna,US,40.6,-124.16,72.0,72,20,14.99,few clouds,0.0,0
18,Dikson,RU,73.51,80.55,43.45,81,85,15.57,overcast clouds,0.0,0
19,Kununurra,AU,-15.77,128.73,62.6,39,21,3.36,few clouds,0.0,0
20,Hobart,AU,-42.88,147.33,39.99,93,100,2.24,overcast clouds,0.0,0
21,Roma,US,43.21,-75.46,89.6,40,1,13.87,clear sky,0.0,0
22,Henties Bay,NA,-22.12,14.28,60.01,87,78,2.24,broken clouds,0.0,0
23,Pilar,BR,-9.6,-35.96,80.6,69,40,10.29,scattered clouds,0.0,0
24,Coihueco,CL,-36.62,-71.83,57.2,67,40,6.93,scattered clouds,0.0,0
25,Konongo,GH,6.62,-1.22,71.42,95,100,1.79,light rain,0.23,0
26,Utica,US,43.1,-75.23,84.99,57,100,4.0,overcast clouds,0.0,0
27,Hirara,JP,24.8,125.28,84.22,82,5,9.26,clear sky,0.0,0
28,Mar Del Plata,AR,-38.0,-57.56,51.01,93,90,17.22,overcast clouds,0.0,0
29,Ojinaga,MX,29.57,-104.42,102.99,25,1,3.36,clear sky,0.0,0
30,Souillac,MU,-20.52,57.52,69.8,77,75,20.8,shower rain,0.0,0
31,Dingle,PH,11.0,122.67,77.22,85,100,2.82,overcast clouds,0.0,0
32,Aklavik,CA,68.22,-135.01,44.6,93,90,10.29,overcast clouds,0.0,0
33,Pevek,RU,69.7,170.31,44.83,94,97,6.64,overcast clouds,0.0,0
34,Vestmannaeyjar,IS,63.44,-20.27,51.17,83,91,10.76,overcast clouds,0.0,0
35,Saskylakh,RU,71.92,114.08,52.5,70,100,17.56,light rain,0.14,0
36,Prince Rupert,CA,54.32,-130.32,55.4,93,90,9.17,light rain,0.0,0
37,Provideniya,RU,64.38,-173.3,56.35,65,99,4.92,overcast clouds,0.0,0
38,Asyut,EG,27.18,31.18,89.6,33,0,9.17,clear sky,0.0,0
39,Fort Myers Beach,US,26.45,-81.95,93.2,49,1,13.87,clear sky,0.0,0
40,Pyay,MM,18.82,95.22,78.21,86,98,4.7,overcast clouds,0.0,0
41,Bengkulu,ID,-3.8,102.27,75.25,87,100,3.76,overcast clouds,0.0,0
42,Merauke,ID,-8.47,140.33,77.72,87,46,15.99,light rain,0.25,0
43,Abnub,EG,27.27,31.15,89.6,33,0,9.17,clear sky,0.0,0
44,Maebaru,JP,33.55,130.2,75.99,100,90,6.93,overcast clouds,0.0,0
45,Alofi,NU,-19.06,-169.92,71.6,88,89,17.22,overcast clouds,0.0,0
46,Mount Gambier,AU,-37.83,140.77,48.2,100,90,6.93,light rain,0.0,0
47,Lata,PT,40.16,-8.33,80.01,49,0,4.0,clear sky,0.0,0
48,Ribeira Grande,PT,38.52,-28.7,73.4,69,40,4.7,scattered clouds,0.0,0
49,Beyneu,KZ,45.32,55.2,86.4,19,0,9.42,clear sky,0.0,0
50,Nikolskoye,RU,59.7,30.79,57.2,87,40,4.47,scattered clouds,0.0,0
51,Maceio,BR,-9.67,-35.74,80.6,69,40,10.29,scattered clouds,0.0,0
52,Solano,US,38.23,-121.95,95.0,26,1,6.93,clear sky,0.0,0
53,Kaitangata,NZ,-46.28,169.85,43.0,62,36,1.99,scattered clouds,0.0,0
54,Tuatapere,NZ,-46.13,167.68,43.9,81,59,6.85,broken clouds,0.0,0
55,Gimli,CA,50.63,-96.99,78.01,80,19,7.0,few clouds,0.0,0
56,Saint-Augustin,CA,51.23,-58.65,67.91,73,43,16.82,scattered clouds,0.0,0
57,Mehamn,NO,71.04,27.85,46.4,93,75,5.82,broken clouds,0.0,0
58,Namibe,AO,-15.2,12.15,61.72,79,0,17.43,clear sky,0.0,0
59,Flinders,AU,-34.58,150.86,53.01,86,98,1.01,light rain,0.19,0
60,Cabo San Lucas,MX,22.89,-109.91,89.01,70,40,11.41,scattered clouds,0.0,0
61,Lengshuijiang,CN,27.69,111.43,76.41,93,100,2.64,light rain,0.48,0
62,Akdepe,TM,42.06,59.38,84.2,37,0,4.7,clear sky,0.0,0
63,Roura,GF,4.73,-52.33,87.8,62,98,11.41,light rain,0.27,0
64,Lebu,CL,-37.62,-73.65,50.77,66,47,5.59,scattered clouds,0.0,0
65,Bagdarin,RU,54.43,113.6,57.97,89,12,2.21,few clouds,0.0,0
66,Hermanus,ZA,-34.42,19.23,48.0,90,94,5.01,light rain,0.32,0
67,Kirchhain,DE,50.82,8.97,62.01,68,94,3.69,overcast clouds,0.0,0
68,Nyurba,RU,63.28,118.33,63.37,95,100,3.58,overcast clouds,0.0,0
69,Hofn,IS,64.25,-15.21,53.6,81,75,10.29,broken clouds,0.0,0
70,Makakilo City,US,21.35,-158.09,84.2,54,1,9.17,clear sky,0.0,0
71,Longyearbyen,SJ,78.22,15.64,46.4,75,75,9.17,shower rain,0.0,0
72,Richards Bay,ZA,-28.78,32.04,75.54,42,0,14.14,clear sky,0.0,0
73,Port Alfred,ZA,-33.59,26.89,61.0,91,53,24.45,broken clouds,0.0,0
74,Hambantota,LK,6.12,81.12,80.78,80,97,15.48,overcast clouds,0.0,0
75,Damghan,IR,36.17,54.35,77.76,45,31,3.65,scattered clouds,0.0,0
76,Gat,IL,31.61,34.76,80.01,71,0,3.62,clear sky,0.0,0
77,Bluff,NZ,-46.6,168.33,49.33,74,97,22.39,light rain,0.13,0
78,Necochea,AR,-38.55,-58.74,46.99,81,99,11.01,overcast clouds,0.0,0
79,Puerto Ayora,EC,-0.74,-90.35,72.0,84,100,5.99,overcast clouds,0.0,0
80,Changji,CN,44.02,87.32,75.2,38,11,8.95,few clouds,0.0,0
81,Tilichiki,RU,60.47,166.1,48.42,96,100,4.76,overcast clouds,0.0,0
82,Guerrero Negro,MX,27.98,-114.06,87.8,27,0,11.74,clear sky,0.0,0
83,Port Elizabeth,ZA,-33.92,25.57,60.8,87,85,9.17,overcast clouds,0.0,0
84,Shangzhi,CN,45.22,127.97,60.78,93,99,6.96,overcast clouds,0.0,0
85,Capul,PH,12.42,124.18,81.43,79,100,5.5,overcast clouds,0.0,0
86,Ambilobe,MG,-13.2,49.05,68.65,68,62,5.48,broken clouds,0.0,0
87,La Ronge,CA,55.1,-105.28,71.6,64,75,9.17,broken clouds,0.0,0
88,Cherskiy,RU,68.75,161.3,53.37,82,73,8.72,broken clouds,0.0,0
89,Arraial Do Cabo,BR,-22.97,-42.03,73.4,68,40,10.29,scattered clouds,0.0,0
90,San Quintin,MX,30.48,-115.95,77.67,51,0,12.35,clear sky,0.0,0
91,Arys,KZ,42.43,68.8,73.4,46,10,2.24,clear sky,0.0,0
92,Airai,TL,-8.93,125.41,57.42,100,38,3.76,scattered clouds,0.0,0
93,Lobatse,BW,-25.22,25.67,60.8,38,0,11.41,clear sky,0.0,0
94,Manono,CD,-7.3,27.42,75.87,54,13,6.17,few clouds,0.0,0
95,Torbay,CA,47.67,-52.73,59.0,71,90,8.05,overcast clouds,0.0,0
96,Arklow,IE,52.79,-6.14,55.99,83,14,5.35,few clouds,0.0,0
97,Barroquinha,BR,-3.02,-41.14,82.51,71,67,7.58,broken clouds,0.0,0
98,Petrozavodsk,RU,61.78,34.35,60.8,51,51,2.24,broken clouds,0.0,0
99,Port-Gentil,GA,-0.72,8.78,77.0,78,90,14.07,overcast clouds,0.0,0
100,Avarua,CK,-21.21,-159.78,75.2,83,21,3.36,few clouds,0.0,0
101,Deputatskiy,RU,69.3,139.9,56.35,67,13,2.33,few clouds,0.0,0
102,Manokwari,ID,-0.87,134.08,78.71,67,2,4.41,clear sky,0.0,0
103,Ahipara,NZ,-35.17,173.17,50.94,85,24,3.06,few clouds,0.0,0
104,Chokurdakh,RU,70.63,147.92,48.6,64,0,10.29,clear sky,0.0,0
105,Berlevag,NO,70.86,29.09,46.4,93,75,5.82,broken clouds,0.0,0
106,Golden,US,39.76,-105.22,99.0,10,5,5.82,clear sky,0.0,0
107,Butaritari,KI,3.07,172.79,83.1,75,100,11.39,moderate rain,2.43,0
108,Coquimbo,CL,-29.95,-71.34,59.0,72,39,16.11,scattered clouds,0.0,0
109,Padang,ID,-0.95,100.35,77.54,81,70,5.3,light rain,0.33,0
110,Atuona,PF,-9.8,-139.03,79.57,79,96,18.97,light rain,0.12,0
111,Nieuw Amsterdam,SR,5.88,-55.08,86.0,70,40,8.05,shower rain,0.0,0
112,Grindavik,IS,63.84,-22.43,50.0,76,90,10.29,overcast clouds,0.0,0
113,Carnarvon,AU,-24.87,113.63,53.6,54,0,9.17,clear sky,0.0,0
114,Chitose,JP,42.82,141.65,69.01,100,90,8.05,fog,0.0,0
115,Hithadhoo,MV,-0.6,73.08,83.62,75,97,9.22,overcast clouds,0.0,0
116,Sitka,US,57.05,-135.33,55.4,87,90,3.36,light rain,0.25,0
117,Savalou,BJ,7.93,1.98,74.01,92,100,4.38,overcast clouds,0.0,0
118,Coruripe,BR,-10.13,-36.18,75.92,81,30,9.84,scattered clouds,0.0,0
119,Dudinka,RU,69.41,86.18,53.6,81,0,15.66,clear sky,0.0,0
120,Grenaa,DK,56.42,10.88,57.2,76,95,13.87,overcast clouds,0.0,0
121,Coihaique,CL,-45.58,-72.07,39.2,64,75,4.7,broken clouds,0.0,0
122,Ponta Do Sol,PT,32.67,-17.1,72.0,71,3,5.32,clear sky,0.0,0
123,Vanderhoof,CA,54.02,-124.02,68.25,41,100,3.42,overcast clouds,0.0,0
124,Vestmanna,FO,62.16,-7.17,50.0,57,70,13.87,broken clouds,0.0,0
125,Alice Springs,AU,-23.7,133.88,46.4,49,100,4.7,overcast clouds,0.0,0
126,Kozhva,RU,65.11,57.05,67.77,91,100,10.02,light rain,0.56,0
127,Sayyan,YE,15.17,44.32,70.21,42,99,1.03,overcast clouds,0.0,0
128,Mazagao,BR,-0.12,-51.29,89.6,59,40,11.41,scattered clouds,0.0,0
129,Los Llanos De Aridane,ES,28.66,-17.92,73.4,73,40,19.46,scattered clouds,0.0,0
130,Moindou,NC,-21.69,165.68,53.6,81,1,1.12,clear sky,0.0,0
131,Lukaya,UG,-0.15,31.87,73.4,78,20,4.7,few clouds,0.0,0
132,Clyde River,CA,70.47,-68.59,60.8,44,75,16.11,broken clouds,0.0,0
133,Taoudenni,ML,22.68,-3.98,101.23,12,59,7.92,broken clouds,0.0,0
134,Castro,BR,-24.79,-50.01,61.2,66,53,4.12,broken clouds,0.0,0
135,Jamestown,US,42.1,-79.24,84.2,54,1,11.41,clear sky,0.0,0
136,Sennoy,RU,52.15,46.96,64.33,90,7,8.57,clear sky,0.0,0
137,Cordoba,AR,-31.41,-64.18,68.0,35,100,17.22,overcast clouds,0.0,0
138,Faanui,PF,-16.48,-151.75,78.13,80,34,20.8,scattered clouds,0.0,0
139,Fort Nelson,CA,58.81,-122.7,69.8,46,20,4.7,few clouds,0.0,0
140,Mathbaria,BD,22.29,89.96,82.56,85,100,11.7,overcast clouds,0.0,0
141,Ierapetra,GR,35.01,25.74,77.0,60,0,10.0,clear sky,0.0,0
142,Ancud,CL,-41.87,-73.82,45.0,75,75,8.05,broken clouds,0.0,0
143,Rezekne,LV,56.5,27.32,59.09,97,100,6.04,overcast clouds,0.0,0
144,Lavrentiya,RU,65.58,-171.0,50.95,76,100,3.6,overcast clouds,0.0,0
145,Rocha,UY,-34.48,-54.33,54.75,71,100,11.86,overcast clouds,0.0,0
146,Huarmey,PE,-10.07,-78.15,67.89,66,4,12.33,clear sky,0.0,0
147,Dinar,TR,38.06,30.17,77.0,41,0,4.7,clear sky,0.0,0
148,Jaru,BR,-10.44,-62.47,89.24,44,0,0.92,clear sky,0.0,0
149,Dosso,NE,13.05,3.19,91.69,42,100,13.27,light rain,0.37,0
150,Bundaberg,AU,-24.85,152.35,59.0,100,90,3.36,overcast clouds,0.0,0
151,Axim,GH,4.87,-2.24,75.63,87,60,9.35,broken clouds,0.0,0
152,Wolsztyn,PL,52.12,16.12,71.01,64,40,13.87,scattered clouds,0.0,0
153,Marang,MY,5.21,103.21,78.8,100,20,1.12,few clouds,0.0,0
154,Khatanga,RU,71.97,102.5,56.37,78,95,19.53,overcast clouds,0.0,0
155,Paamiut,GL,61.99,-49.67,42.3,97,100,7.0,overcast clouds,0.0,0
156,Muros,ES,42.78,-9.06,68.0,68,0,13.0,clear sky,0.0,0
157,Severo-Kurilsk,RU,50.68,156.12,49.8,92,100,3.85,light rain,0.28,0
158,Lorengau,PG,-2.02,147.27,82.35,79,84,12.1,light rain,0.11,0
159,Kupang,ID,-10.17,123.58,74.03,85,4,9.69,clear sky,0.0,0
160,Iskateley,RU,67.68,53.15,58.19,80,55,9.64,broken clouds,0.0,0
161,Klyuchi,RU,52.27,79.17,60.55,73,1,6.96,clear sky,0.0,0
162,Ilulissat,GL,69.22,-51.1,42.8,87,75,12.75,light rain,0.0,0
163,Pisco,PE,-13.7,-76.22,68.0,60,3,18.34,clear sky,0.0,0
164,Veinticinco De Mayo,AR,-35.43,-60.17,57.99,55,48,5.01,scattered clouds,0.0,0
165,Fairbanks,US,64.84,-147.72,62.6,39,20,9.17,few clouds,0.0,0
166,Chaykovskiy,RU,56.77,54.11,66.99,92,98,1.99,light rain,0.13,0
167,Teya,RU,60.38,92.63,51.06,92,100,2.39,moderate rain,1.67,0
168,Sao Joao Da Barra,BR,-21.64,-41.05,73.4,64,75,4.7,broken clouds,0.0,0
169,Thompson,CA,55.74,-97.86,64.4,63,75,3.36,broken clouds,0.0,0
170,Mount Isa,AU,-20.73,139.5,64.4,52,29,9.17,scattered clouds,0.0,0
171,Lagoa,PT,39.05,-27.98,69.08,73,0,7.29,clear sky,0.0,0
172,Vicuna,CL,-30.03,-70.71,59.0,72,0,16.11,clear sky,0.0,0
173,Luderitz,NA,-26.65,15.16,55.4,93,0,13.87,clear sky,0.0,0
174,Codrington,AU,-38.27,141.97,45.45,89,100,1.72,overcast clouds,0.0,0
175,Camacha,PT,33.08,-16.33,69.8,88,75,16.11,broken clouds,0.0,0
176,Iqaluit,CA,63.75,-68.51,46.4,81,75,6.93,broken clouds,0.0,0
177,Buenos Aires,AR,-34.61,-58.38,55.99,71,96,10.29,overcast clouds,0.0,0
178,Brae,GB,60.4,-1.35,51.8,87,56,8.05,broken clouds,0.0,0
179,Kodiak,US,57.79,-152.41,60.8,63,1,5.82,clear sky,0.0,0
180,Labuan,MY,5.28,115.24,77.0,94,20,3.36,few clouds,0.0,0
181,Saint-Philippe,RE,-21.36,55.77,69.8,64,65,19.46,light rain,0.12,0
182,Anito,PH,12.45,125.29,78.57,87,100,4.54,overcast clouds,0.0,0
183,Ayan,RU,56.45,138.17,50.49,97,96,2.44,overcast clouds,0.0,0
184,Cayenne,GF,4.93,-52.33,87.8,62,100,11.41,overcast clouds,0.0,0
185,Comodoro Rivadavia,AR,-45.87,-67.5,44.6,48,20,16.11,few clouds,0.0,0
186,Nouakchott,MR,18.09,-15.98,80.6,78,20,14.99,few clouds,0.0,0
187,Nizwa,OM,22.93,57.53,89.96,39,100,0.27,overcast clouds,0.0,0
188,Norman Wells,CA,65.28,-126.83,46.4,100,90,12.75,light rain,0.0,0
189,Ondangwa,NA,-17.92,15.95,69.8,18,17,5.82,few clouds,0.0,0
190,Aswan,EG,24.09,32.91,90.19,19,0,8.46,clear sky,0.0,0
191,Mazamari,PE,-11.33,-74.53,85.3,39,59,1.86,broken clouds,0.0,0
192,Bambous Virieux,MU,-20.34,57.76,71.01,77,75,20.8,shower rain,0.0,0
193,Sobinka,RU,55.99,40.01,55.99,76,4,4.94,clear sky,0.0,0
194,Talnakh,RU,69.49,88.4,53.6,81,0,15.66,clear sky,0.0,0
195,Severo-Yeniseyskiy,RU,60.37,93.04,47.71,100,100,2.77,moderate rain,2.28,0
196,Lincoln,US,40.8,-96.67,91.0,48,1,9.17,clear sky,0.0,0
197,Peniche,PT,39.36,-9.38,69.01,82,0,10.0,clear sky,0.0,0
198,Nantucket,US,41.28,-70.1,73.0,83,75,12.75,broken clouds,0.0,0
199,Goderich,CA,43.75,-81.72,80.01,82,100,0.56,moderate rain,1.5,0
200,Bay Roberts,CA,47.6,-53.26,59.0,69,100,3.83,overcast clouds,0.0,0
201,Pecos,US,31.42,-103.49,104.0,17,1,8.05,clear sky,0.0,0
202,Saquena,PE,-4.67,-73.52,83.53,75,33,3.18,light rain,0.69,0
203,Gweta,BW,-20.18,25.23,67.86,32,0,6.6,clear sky,0.0,0
204,Katsuura,JP,35.13,140.3,80.01,93,100,5.99,overcast clouds,0.0,0
205,Vanimo,PG,-2.67,141.3,79.3,77,100,4.74,light rain,0.31,0
206,San Vicente,AR,-26.62,-54.13,64.08,67,0,4.07,clear sky,0.0,0
207,Jizan,SA,17.33,42.67,91.4,66,20,6.93,few clouds,0.0,0
208,Hasaki,JP,35.73,140.83,80.6,83,75,14.99,broken clouds,0.0,0
209,Kasugai,JP,35.25,136.97,78.01,88,100,10.16,light rain,0.79,0
210,Tuktoyaktuk,CA,69.45,-133.04,41.0,93,90,13.87,overcast clouds,0.0,0
211,Kribi,CM,2.95,9.92,75.85,91,100,10.94,moderate rain,3.5,0
212,Irtyshskiy,RU,58.33,68.13,62.65,61,0,3.62,clear sky,0.0,0
213,Dhaka,BD,23.71,90.41,86.0,70,75,11.41,haze,0.0,0
214,Kavieng,PG,-2.57,150.8,82.24,79,95,12.15,overcast clouds,0.0,0
215,Salalah,OM,17.02,54.09,82.4,94,90,8.05,overcast clouds,0.0,0
216,Sainte-Marie,RE,-20.9,55.55,66.2,77,75,18.34,broken clouds,0.0,0
217,Hilo,US,19.73,-155.09,78.8,74,90,6.93,overcast clouds,0.0,0
218,Kirksville,US,40.19,-92.58,89.6,46,1,9.17,clear sky,0.0,0
219,Nepa Nagar,IN,21.47,76.4,81.09,79,100,7.54,overcast clouds,0.0,0
220,Kirakira,SB,-10.45,161.92,78.66,83,100,11.54,overcast clouds,0.0,0
221,Madisonville,US,37.33,-87.5,87.01,48,40,9.17,scattered clouds,0.0,0
222,Esperance,AU,-33.87,121.9,46.4,100,90,1.12,overcast clouds,0.0,0
223,Yellowknife,CA,62.46,-114.35,64.4,59,75,10.29,shower rain,0.0,0
224,Tiznit,MA,29.58,-9.5,78.85,39,0,1.54,clear sky,0.0,0
225,Igarka,RU,67.47,86.58,56.23,72,65,4.56,broken clouds,0.0,0
226,Smiths Falls,CA,44.9,-76.02,97.0,47,24,5.99,few clouds,0.0,0
227,Geraldton,AU,-28.77,114.6,53.6,50,0,18.34,clear sky,0.0,0
228,Skibbereen,IE,51.55,-9.27,59.0,54,20,13.87,few clouds,0.0,0
229,Bamberg,DE,49.88,10.89,66.99,33,62,3.8,broken clouds,0.0,0
230,Plettenberg Bay,ZA,-34.05,23.37,57.43,69,100,4.07,overcast clouds,0.0,0
231,Jalu,LY,29.03,21.55,85.1,31,0,16.08,clear sky,0.0,0
232,Placido De Castro,BR,-10.34,-67.19,88.93,45,0,1.12,clear sky,0.0,0
233,Chuy,UY,-33.7,-53.46,54.21,80,100,8.05,overcast clouds,0.0,0
234,East London,ZA,-33.02,27.91,70.23,49,97,14.12,overcast clouds,0.0,0
235,Isangel,VU,-19.55,169.27,69.8,88,75,6.93,broken clouds,0.0,0
236,Doha,QA,25.29,51.53,99.0,75,0,4.7,clear sky,0.0,0
237,Broken Hill,AU,-31.95,141.43,44.6,81,40,4.7,scattered clouds,0.0,0
238,Nome,US,64.5,-165.41,66.99,45,1,8.05,clear sky,0.0,0
239,Nong Bua,TH,15.86,100.59,79.95,83,100,5.3,overcast clouds,0.0,0
240,Laguna,US,38.42,-121.42,98.01,27,1,3.36,clear sky,0.0,0
241,Samarai,PG,-10.62,150.67,77.81,88,95,17.31,moderate rain,1.6,0
242,Port Macquarie,AU,-31.43,152.92,53.01,98,100,5.59,overcast clouds,0.0,0
243,Morant Bay,JM,17.88,-76.41,89.01,70,20,23.04,few clouds,0.0,0
244,Half Moon Bay,US,37.46,-122.43,78.01,64,75,3.36,broken clouds,0.0,0
245,Port Lincoln,AU,-34.73,135.87,49.86,74,2,13.38,clear sky,0.0,0
246,College,US,64.86,-147.8,62.6,45,40,6.93,scattered clouds,0.0,0
247,Nioki,CD,-2.72,17.68,79.59,64,99,3.51,overcast clouds,0.0,0
248,Canberra,AU,-35.28,149.13,37.99,100,100,4.0,moderate rain,2.12,0
249,Brainerd,US,46.36,-94.2,84.2,42,20,12.75,few clouds,0.0,0
250,Carutapera,BR,-1.2,-46.02,82.35,72,6,8.68,clear sky,0.0,0
251,Upernavik,GL,72.79,-56.15,40.71,85,15,22.32,few clouds,0.0,0
252,Grigoropolisskaya,RU,45.3,41.06,66.09,61,0,4.68,clear sky,0.0,0
253,Inhambane,MZ,-23.86,35.38,71.6,78,0,14.99,clear sky,0.0,0
254,Yulara,AU,-25.24,130.99,50.0,61,22,9.17,few clouds,0.0,0
255,Vostok,RU,46.49,135.88,50.4,99,0,2.86,clear sky,0.0,0
256,Andilamena,MG,-17.02,48.58,55.83,93,35,10.76,scattered clouds,0.0,0
257,Zhuanghe,CN,39.7,122.99,70.0,83,16,4.32,few clouds,0.0,0
258,Ajdabiya,LY,30.76,20.23,75.2,58,0,14.7,clear sky,0.0,0
259,Yumen,CN,40.28,97.2,74.89,24,100,10.45,overcast clouds,0.0,0
260,Parintins,BR,-2.63,-56.74,89.44,54,17,4.18,few clouds,0.0,0
261,Great Yarmouth,GB,52.61,1.73,57.0,97,0,4.59,clear sky,0.0,0
262,Saint-Pierre,RE,-21.34,55.48,69.8,64,2,19.46,clear sky,0.0,0
263,Watsa,CD,3.04,29.54,64.38,98,94,1.61,light rain,0.39,0
264,Juneau,US,58.3,-134.42,57.2,82,90,9.17,light rain,0.0,0
265,Polovinnoye,RU,54.79,65.99,69.75,89,0,2.93,light rain,0.25,0
266,Nouadhibou,MR,20.93,-17.03,71.6,78,0,21.92,sand,0.0,0
267,Tasiilaq,GL,65.61,-37.64,44.6,70,40,6.93,scattered clouds,0.0,0
268,Cidreira,BR,-30.18,-50.21,59.54,79,0,13.8,clear sky,0.0,0
269,Buraydah,SA,26.33,43.98,95.0,23,32,2.24,scattered clouds,0.0,0
270,Saint Anthony,US,45.02,-93.22,84.99,45,1,10.29,clear sky,0.0,0
271,Port Keats,AU,-14.25,129.55,69.87,66,28,7.99,scattered clouds,0.0,0
272,Westport,US,41.14,-73.36,73.99,94,90,20.8,light rain,0.38,0
273,Wencheng,CN,33.06,113.8,75.38,87,100,5.93,overcast clouds,0.0,0
274,Krasnoarmeyskoye,RU,52.72,50.03,71.91,78,100,9.01,overcast clouds,0.0,0
275,Sur,OM,22.57,59.53,91.06,52,84,15.01,broken clouds,0.0,0
276,Synya,RU,65.37,58.04,66.76,94,64,6.13,moderate rain,2.15,0
277,Jawhar,SO,2.78,45.5,76.93,79,100,15.35,overcast clouds,0.0,0
278,Pemberton,CA,50.32,-122.8,62.6,59,90,4.7,overcast clouds,0.0,0
279,Lompoc,US,34.64,-120.46,75.0,64,0,14.99,clear sky,0.0,0
280,Narsaq,GL,60.92,-46.05,48.2,93,75,5.82,light intensity drizzle,0.0,0
281,Cockburn Town,TC,21.46,-71.14,86.0,66,75,12.75,broken clouds,0.0,0
282,Tenango,MX,18.65,-98.18,82.99,27,20,4.7,few clouds,0.0,0
283,Jumla,NP,29.27,82.18,61.34,70,97,0.47,overcast clouds,0.0,0
284,Batticaloa,LK,7.71,81.69,79.79,83,100,7.4,overcast clouds,0.0,0
285,Sheopur,IN,25.67,76.7,87.48,63,100,14.03,overcast clouds,0.0,0
286,Karratha,AU,-20.74,116.85,65.16,33,0,15.61,clear sky,0.0,0
287,Chitral,PK,35.85,71.79,74.68,26,0,6.67,clear sky,0.0,0
288,Atar,MR,20.52,-13.05,99.61,17,0,10.33,clear sky,0.0,0
289,Ixtapa,MX,20.7,-105.2,89.01,66,40,10.29,scattered clouds,0.0,0
290,Harrison,US,30.41,-89.04,86.0,88,90,3.36,heavy intensity rain,4.32,0
291,Yuanping,CN,38.72,112.76,63.93,92,100,1.32,overcast clouds,0.0,0
292,New Norfolk,AU,-42.78,147.06,39.0,91,100,2.53,overcast clouds,0.0,0
293,Sao Francisco,BR,-15.95,-44.86,82.31,27,1,4.61,clear sky,0.0,0
294,Senador Jose Porfirio,BR,-2.59,-51.95,85.44,65,100,1.21,overcast clouds,0.0,0
295,Mangit,UZ,40.6,70.96,78.8,31,75,11.41,broken clouds,0.0,0
296,Tori,EE,58.48,24.82,55.99,97,58,3.91,broken clouds,0.0,0
297,Westerland,DE,54.91,8.3,55.4,66,0,20.8,clear sky,0.0,0
298,Maracas,BR,-13.44,-40.43,68.04,74,100,8.52,overcast clouds,0.0,0
299,Mangrol,IN,21.12,70.12,84.04,83,94,18.79,light rain,0.12,0
300,Bairiki,KI,1.33,172.98,82.4,78,40,8.05,scattered clouds,0.0,0
301,Gravdal,NO,68.12,13.5,53.6,81,40,8.05,scattered clouds,0.0,0
302,Olafsvik,IS,64.89,-23.71,50.95,82,100,10.76,overcast clouds,0.0,0
303,Roebourne,AU,-20.78,117.13,65.97,33,0,16.67,clear sky,0.0,0
304,Forestville,US,38.85,-76.88,90.0,62,75,8.05,broken clouds,0.0,0
305,Zeya,RU,53.75,127.27,65.3,92,73,3.44,broken clouds,0.0,0
306,Dhidhdhoo,MV,6.88,73.1,83.21,74,100,8.57,moderate rain,1.08,0
307,Akniste,LV,56.16,25.75,58.91,97,100,3.42,overcast clouds,0.0,0
308,Riverton,US,40.52,-111.94,91.0,18,1,10.29,clear sky,0.0,0
309,Marathon,US,44.9,-89.77,81.0,42,40,12.75,scattered clouds,0.0,0
310,Ullal,IN,12.8,74.85,77.0,94,40,2.53,mist,0.0,0
311,Hachinohe,JP,40.5,141.5,66.2,100,90,3.36,light rain,0.0,0
312,Dongsheng,CN,39.82,109.98,69.66,55,100,18.7,overcast clouds,0.0,0
313,South Sioux City,US,42.47,-96.41,88.0,54,1,10.29,clear sky,0.0,0
314,Songjianghe,CN,42.19,127.48,60.03,84,100,2.8,overcast clouds,0.0,0
315,Ust-Tarka,RU,55.57,75.7,58.77,82,35,6.64,scattered clouds,0.0,0
316,Vardo,NO,70.37,31.11,46.4,100,75,8.05,broken clouds,0.0,0
317,Khao Yoi,TH,13.24,99.82,75.99,80,100,2.82,overcast clouds,0.0,0
318,Mackay,AU,-21.15,149.2,59.0,93,77,5.82,broken clouds,0.0,0
319,Srednekolymsk,RU,67.45,153.68,61.88,67,76,11.54,broken clouds,0.0,0
320,Port Augusta,AU,-32.5,137.77,44.6,100,40,9.17,scattered clouds,0.0,0
321,Riyadh,SA,24.69,46.72,96.8,14,0,5.82,clear sky,0.0,0
322,Methoni,GR,36.82,21.7,79.0,73,0,7.87,clear sky,0.0,0
323,Seoul,KR,37.57,126.98,73.4,69,75,2.77,haze,0.0,0
324,Chara,RU,56.91,118.26,64.87,68,12,1.83,few clouds,0.0,0
325,Panaba,MX,21.28,-88.27,86.92,77,100,10.31,moderate rain,3.6,0
326,Bulgan,MN,48.81,103.53,52.16,80,90,2.06,overcast clouds,0.0,0
327,San Andres,CO,12.58,-81.7,87.8,70,20,13.87,few clouds,0.0,0
328,Melilla,ES,35.29,-2.94,77.0,78,0,4.7,clear sky,0.0,0
329,Pangnirtung,CA,66.15,-65.71,51.8,71,90,12.75,overcast clouds,0.0,0
330,Lugovoy,KZ,42.95,72.76,68.47,46,100,6.82,overcast clouds,0.0,0
331,Champerico,GT,14.3,-91.92,75.2,94,90,4.7,thunderstorm with light rain,0.0,0
332,Shimanovsk,RU,52.0,127.7,64.53,90,9,4.5,clear sky,0.0,0
333,Bambanglipuro,ID,-7.95,110.28,75.54,89,100,3.8,light rain,0.13,0
334,Dunedin,NZ,-45.87,170.5,43.0,62,60,1.99,broken clouds,0.0,0
335,Adrar,MR,20.5,-10.07,95.36,10,0,5.77,clear sky,0.0,0
336,Khash,IR,28.22,61.22,75.9,19,0,9.28,clear sky,0.0,0
337,Poronaysk,RU,49.22,143.12,53.6,92,100,2.64,overcast clouds,0.0,0
338,Bayanday,RU,53.07,105.51,57.87,85,100,1.83,overcast clouds,0.0,0
339,Belmonte,BR,-15.86,-38.88,77.0,69,40,5.82,scattered clouds,0.0,0
340,Puerto Palomas,MX,31.77,-107.62,105.8,9,1,8.05,clear sky,0.0,0
341,Bereda,ES,43.27,-7.54,60.01,87,11,14.0,few clouds,0.0,0
342,Timberlake,US,37.32,-79.26,93.2,46,75,3.36,broken clouds,0.0,0
343,Balkhash,KZ,46.84,74.98,75.88,51,54,8.81,broken clouds,0.0,0
344,Phalaborwa,ZA,-23.94,31.14,71.6,49,18,3.36,few clouds,0.0,0
345,Hami,CN,42.8,93.45,80.71,22,100,3.89,overcast clouds,0.0,0
346,Vila,PT,42.03,-8.16,73.0,62,0,8.99,clear sky,0.0,0
347,Altamira,BR,-3.2,-52.21,88.23,59,100,2.57,overcast clouds,0.0,0
348,Tiksi,RU,71.69,128.87,39.43,89,99,7.87,overcast clouds,0.0,0
349,Pitimbu,BR,-7.47,-34.81,82.4,74,40,12.75,scattered clouds,0.0,0
350,Vila Velha,BR,-20.33,-40.29,73.4,69,40,16.11,scattered clouds,0.0,0
351,Great Falls,US,47.5,-111.3,72.0,46,40,21.92,scattered clouds,0.0,0
352,New Amsterdam,GY,6.25,-57.52,81.64,87,97,3.87,light rain,0.74,0
353,Yar-Sale,RU,66.83,70.83,55.78,74,50,2.84,scattered clouds,0.0,0
354,Sorong,ID,-0.88,131.25,76.86,90,23,7.05,light rain,0.16,0
355,Baghdad,IQ,33.34,44.4,102.2,17,0,10.29,clear sky,0.0,0
356,Gladstone,AU,-23.85,151.25,57.2,87,43,4.7,scattered clouds,0.0,0
357,Point Pedro,LK,9.82,80.23,81.39,84,100,13.56,light rain,0.34,0
358,Constitucion,CL,-35.33,-72.42,55.54,78,24,6.22,few clouds,0.0,0
359,Roald,NO,62.58,6.13,54.0,76,75,11.41,broken clouds,0.0,0
360,Fare,PF,-16.7,-151.02,77.99,77,29,22.73,scattered clouds,0.0,0
361,Chifeng,CN,42.27,118.96,66.04,75,93,4.68,overcast clouds,0.0,0
362,Aboisso,CI,5.47,-3.21,73.99,92,100,4.5,overcast clouds,0.0,0
363,Petlawad,IN,23.0,74.8,78.57,82,97,16.33,overcast clouds,0.0,0
364,Umm Kaddadah,SD,13.6,26.69,86.14,44,3,7.02,light rain,0.14,0
365,Esil,KZ,51.96,66.4,71.58,83,0,6.87,clear sky,0.0,0
366,Kieta,PG,-6.22,155.63,78.78,77,91,5.48,light rain,0.39,0
367,Quatre Cocos,MU,-20.21,57.76,71.01,77,75,20.8,shower rain,0.0,0
368,Lulea,SE,65.58,22.15,55.4,87,93,3.36,overcast clouds,0.0,0
369,Kenai,US,60.55,-151.26,60.8,77,90,5.82,overcast clouds,0.0,0
370,Unity,CA,52.45,-109.17,68.0,76,100,4.0,light rain,0.55,0
371,Poyarkovo,RU,49.6,128.68,63.91,89,40,5.14,scattered clouds,0.0,0
372,Agirish,RU,61.92,63.02,73.42,66,47,5.55,scattered clouds,0.0,0
373,Kamenka,RU,51.32,42.77,64.99,61,0,4.0,clear sky,0.0,0
374,Puerto Escondido,MX,15.85,-97.07,87.8,70,75,5.82,broken clouds,0.0,0
375,Tigre,AR,-34.43,-58.58,57.2,62,95,9.17,overcast clouds,0.0,0
376,Skelleftea,SE,64.75,20.95,55.4,93,96,3.36,overcast clouds,0.0,0
377,Antalya,TR,36.77,30.72,82.4,78,0,4.7,clear sky,0.0,0
378,Ketchikan,US,55.34,-131.65,55.4,93,90,20.8,heavy intensity rain,5.08,0
379,Tazovskiy,RU,67.47,78.7,52.57,76,0,11.77,clear sky,0.0,0
380,Yvetot,FR,49.62,0.76,61.0,55,20,8.05,few clouds,0.0,0
381,Antofagasta,CL,-23.65,-70.4,60.8,63,20,12.75,few clouds,0.0,0
382,Georgetown,MY,5.41,100.34,80.6,100,40,5.84,scattered clouds,0.0,0
383,Nata,PA,8.33,-80.52,86.0,68,40,3.36,scattered clouds,0.0,0
384,Araouane,ML,18.9,-3.53,97.41,27,35,4.56,light rain,0.63,0
385,Karangasem,ID,-8.45,115.62,78.8,100,40,8.05,scattered clouds,0.0,0
386,Marsh Harbour,BS,26.54,-77.06,87.46,65,71,10.71,broken clouds,0.0,0
387,Marawi,PH,8.0,124.29,75.0,91,97,5.01,overcast clouds,0.0,0
388,Acajutla,SV,13.59,-89.83,69.01,100,99,1.01,light rain,0.85,0
389,Bonavista,CA,48.65,-53.11,54.0,86,100,1.99,light rain,0.51,0
390,Glendive,US,47.11,-104.71,82.4,42,40,12.75,scattered clouds,0.0,0
391,Bilma,NE,18.69,12.92,95.83,18,51,9.4,broken clouds,0.0,0
392,Bubaque,GW,11.28,-15.83,81.43,81,100,17.83,moderate rain,2.16,0
393,Mehtar Lam,AF,34.67,70.21,89.6,27,1,7.05,clear sky,0.0,0
394,Yook,PH,13.23,121.96,81.75,74,100,3.02,light rain,0.11,0
395,Petropavlovsk-Kamchatskiy,RU,53.05,158.65,53.6,100,75,2.24,broken clouds,0.0,0
396,Smithers,CA,54.78,-127.17,53.6,93,90,4.7,light rain,0.0,0
397,Brownfield,US,33.18,-102.27,102.99,22,0,3.0,clear sky,0.0,0
398,Corsicana,US,32.1,-96.47,95.0,59,1,9.17,clear sky,0.0,0
399,Evensk,RU,61.95,159.23,52.54,96,100,5.26,light rain,0.42,0
400,Yeppoon,AU,-23.13,150.73,60.8,82,36,6.93,scattered clouds,0.0,0
401,Shingu,JP,33.73,135.98,74.26,94,53,5.75,light rain,0.22,0
402,Matadi,CD,-5.82,13.45,75.11,71,3,9.71,clear sky,0.0,0
403,Nerang,AU,-27.98,153.33,59.0,96,95,1.25,light rain,0.16,0
404,Beringovskiy,RU,63.05,179.32,53.04,76,96,2.1,overcast clouds,0.0,0
405,Pitea,SE,65.32,21.48,55.4,87,97,3.36,overcast clouds,0.0,0
406,Nchelenge,ZM,-9.35,28.73,69.39,71,1,5.21,clear sky,0.0,0
407,Lujan,AR,-34.57,-59.1,57.0,67,79,1.99,broken clouds,0.0,0
408,Avera,US,33.19,-82.53,93.2,52,40,5.82,scattered clouds,0.0,0
409,Ngunguru,NZ,-35.62,174.5,45.0,3,5,1.99,clear sky,0.0,0
410,Volchikha,RU,52.03,80.38,58.14,86,0,6.78,clear sky,0.0,0
411,Cobija,BO,-11.03,-68.77,86.23,48,0,1.61,clear sky,0.0,0
412,Mamallapuram,IN,12.63,80.17,84.2,83,40,4.7,scattered clouds,0.0,0
413,Krasnoarmeysk,RU,51.02,45.7,66.99,69,9,11.01,clear sky,0.0,0
414,Champawat,IN,29.33,80.1,64.06,100,71,1.72,light rain,0.67,0
415,Jibuti,DJ,11.5,42.5,100.4,19,1,9.17,clear sky,0.0,0
416,Kruisfontein,ZA,-34.0,24.73,56.95,76,100,6.91,light rain,0.36,0
417,Ust-Kuyga,RU,70.02,135.6,66.65,45,50,3.27,scattered clouds,0.0,0
418,Boueni,YT,-12.9,45.08,71.6,83,9,3.36,clear sky,0.0,0
419,Ulladulla,AU,-35.35,150.47,52.0,76,90,9.17,overcast clouds,0.0,0
420,Wajir,KE,1.75,40.06,81.19,49,56,16.69,broken clouds,0.0,0
421,Dwarka,IN,22.24,68.97,84.72,83,14,21.47,light rain,0.19,0
422,Honningsvag,NO,70.98,25.97,46.4,87,75,12.75,light intensity drizzle,0.0,0
423,Middelburg,ZA,-25.78,29.46,55.06,55,0,10.8,clear sky,0.0,0
424,Flin Flon,CA,54.77,-101.86,71.6,53,40,6.93,scattered clouds,0.0,0
425,Majene,ID,-3.54,118.97,77.5,86,100,12.62,overcast clouds,0.0,0
426,Bethel,US,41.37,-73.41,75.99,94,90,11.41,moderate rain,0.0,0
427,Muyezerskiy,RU,63.93,31.65,51.82,82,61,9.17,broken clouds,0.0,0
428,Shunyi,CN,40.12,116.65,77.0,88,100,2.24,mist,0.0,0
429,Ust-Ishim,RU,57.69,71.17,58.06,81,0,3.15,clear sky,0.0,0
430,Grand-Santi,GF,4.25,-54.38,86.0,68,4,3.04,light rain,0.15,0
431,San Patricio,MX,19.22,-104.7,89.6,79,75,11.41,broken clouds,0.0,0
432,Egersund,NO,58.45,6.0,54.0,75,42,7.0,scattered clouds,0.0,0
433,Jieshi,CN,22.81,115.83,82.6,87,57,10.74,broken clouds,0.0,0
434,Ondjiva,AO,-17.07,15.73,59.81,31,0,6.58,clear sky,0.0,0
435,Voh,NC,-20.97,164.7,61.56,79,53,5.17,broken clouds,0.0,0
436,Saint George,US,37.1,-113.58,100.99,7,1,3.36,clear sky,0.0,0
437,Pokaran,IN,26.92,71.92,90.05,60,48,22.66,scattered clouds,0.0,0
438,Caravelas,BR,-17.71,-39.25,74.17,75,14,6.29,few clouds,0.0,0
439,Pacific Grove,US,36.62,-121.92,71.6,68,40,9.17,scattered clouds,0.0,0
440,Camocim,BR,-2.9,-40.84,82.63,72,28,15.14,scattered clouds,0.0,0
441,Kapoeta,SS,4.77,33.59,79.39,53,96,6.89,overcast clouds,0.0,0
442,Kasama,ZM,-10.21,31.18,60.33,78,8,3.69,clear sky,0.0,0
443,Nelson Bay,AU,-32.72,152.15,54.0,100,90,4.7,light intensity shower rain,0.0,0
444,Imeni Poliny Osipenko,RU,52.42,136.49,52.81,94,0,4.85,clear sky,0.0,0
445,Ekhabi,RU,53.51,142.97,50.67,93,100,4.29,overcast clouds,0.0,0
446,Presidente Epitacio,BR,-21.76,-52.12,78.24,52,40,4.5,scattered clouds,0.0,0
447,Maniitsoq,GL,65.42,-52.9,41.41,86,11,2.26,few clouds,0.0,0
448,Waspan,NI,14.74,-83.97,89.6,70,40,11.41,scattered clouds,0.0,0
449,Bathsheba,BB,13.22,-59.52,87.8,62,20,23.04,few clouds,0.0,0
450,Aktau,KZ,43.65,51.2,80.6,74,22,8.95,few clouds,0.0,0
451,Acapulco,MX,16.86,-99.89,89.6,70,5,12.75,clear sky,0.0,0
452,Galesong,ID,-5.32,119.37,77.0,94,75,2.24,broken clouds,0.0,0
453,Erdenet,MN,49.03,104.08,50.88,84,55,1.77,broken clouds,0.0,0
454,Poum,NC,-20.23,164.02,68.47,71,48,13.71,scattered clouds,0.0,0
455,Fairmount,US,43.05,-76.24,93.2,34,75,11.41,broken clouds,0.0,0
456,Touros,BR,-5.2,-35.46,82.4,74,40,11.41,scattered clouds,0.0,0
457,Lazaro Cardenas,MX,17.96,-102.2,88.11,64,8,12.57,clear sky,0.0,0
458,Port Blair,IN,11.67,92.75,81.91,80,100,8.19,overcast clouds,0.0,0
459,Murupara,NZ,-38.47,176.7,39.0,99,14,1.01,few clouds,0.0,0
460,Wilmington,US,34.23,-77.94,90.0,55,75,3.36,broken clouds,0.0,0
461,Waingapu,ID,-9.66,120.26,72.59,84,20,9.42,few clouds,0.0,0
462,Tucumcari,US,35.17,-103.72,100.4,22,1,4.7,clear sky,0.0,0
463,Zhob,PK,31.34,69.45,84.96,19,0,8.59,clear sky,0.0,0
464,Drochia,MD,48.03,27.82,69.42,64,0,6.2,clear sky,0.0,0
465,Banda Aceh,ID,5.56,95.32,79.79,79,80,5.32,broken clouds,0.0,0
466,Shahr-E Babak,IR,30.12,55.12,76.14,18,11,19.8,few clouds,0.0,0
467,Isoka,ZM,-10.16,32.63,59.47,81,8,2.26,clear sky,0.0,0
468,Zhigansk,RU,66.77,123.37,61.92,61,100,14.12,overcast clouds,0.0,0
469,Paracuru,BR,-3.41,-39.03,81.0,75,70,17.0,broken clouds,0.0,0
470,Praia,CV,14.92,-23.51,82.4,74,75,8.05,broken clouds,0.0,0
471,Soyo,AO,-6.13,12.37,73.35,83,100,11.56,overcast clouds,0.0,0
472,Indramayu,ID,-6.33,108.32,76.51,81,92,7.09,overcast clouds,0.0,0
473,Abay,KZ,49.63,72.85,59.0,93,90,4.47,fog,0.0,0
474,Yarovoye,RU,52.93,78.58,59.59,77,0,7.63,clear sky,0.0,0
475,Nehe,CN,48.48,124.83,63.88,82,0,2.53,clear sky,0.0,0
476,Vila Franca Do Campo,PT,37.72,-25.43,69.8,73,75,10.29,broken clouds,0.0,0
477,Acarau,BR,-2.89,-40.12,80.71,77,42,14.34,scattered clouds,0.0,0
478,Mitchell,US,43.71,-98.03,80.6,74,1,13.87,clear sky,0.0,0
479,Mogadishu,SO,2.04,45.34,78.46,82,92,17.34,light rain,0.14,0
480,Humaita,BR,-7.51,-63.02,94.19,32,13,3.0,few clouds,0.0,0
481,Klaksvik,FO,62.23,-6.59,50.0,57,90,13.87,overcast clouds,0.0,0
482,Quelimane,MZ,-17.88,36.89,71.6,88,0,5.82,clear sky,0.0,0
483,Zhezkazgan,KZ,47.8,67.71,75.99,54,85,8.97,overcast clouds,0.0,0
484,Rudbar,AF,30.15,62.6,87.37,15,0,12.88,clear sky,0.0,0
485,Masakin,TN,35.73,10.58,78.8,74,0,9.17,clear sky,0.0,0
486,Goure,NE,13.98,10.27,83.14,50,65,13.82,broken clouds,0.0,0
487,Jishou,CN,28.32,109.72,75.69,93,100,3.89,light rain,0.95,0
488,Taltal,CL,-25.4,-70.48,61.23,63,34,2.1,scattered clouds,0.0,0
489,Jaltenango,MX,15.87,-92.72,79.07,75,89,2.1,moderate rain,1.66,0
490,Pingshan,CN,22.99,114.71,79.74,90,100,5.77,light rain,0.12,0
491,Lensk,RU,60.73,114.93,58.82,90,11,2.53,few clouds,0.0,0
492,North Platte,US,41.12,-100.77,87.8,55,40,12.75,scattered clouds,0.0,0
493,Opuwo,NA,-18.06,13.84,49.05,50,0,6.04,clear sky,0.0,0
494,Aykhal,RU,66.0,111.5,57.2,100,90,4.47,light rain,0.0,0
495,Bilimbay,RU,56.97,59.81,69.8,83,0,2.55,clear sky,0.0,0
496,Ouadda,CF,8.08,22.4,69.67,90,100,1.32,overcast clouds,0.0,0
497,Serebryansk,KZ,49.69,83.29,66.2,88,90,4.47,thunderstorm with light rain,0.0,0
498,Abapo,BO,-18.83,-63.47,87.39,30,29,13.04,scattered clouds,0.0,0
499,Pinawa,CA,50.15,-95.88,75.42,53,22,10.02,few clouds,0.0,0
500,Winona,US,43.97,-91.77,82.0,57,40,8.05,scattered clouds,0.0,0
501,Hefei,CN,31.86,117.28,78.8,100,75,6.71,mist,0.0,0
502,Nanortalik,GL,60.14,-45.24,46.08,91,100,8.23,overcast clouds,0.0,0
503,Tarakan,ID,3.3,117.63,79.23,81,100,2.13,moderate rain,1.93,0
504,Puri,IN,19.8,85.85,84.2,89,20,6.93,haze,0.0,0
505,Borogontsy,RU,62.67,131.17,56.53,83,100,7.02,overcast clouds,0.0,0
506,Esso,RU,55.93,158.7,60.4,79,100,2.04,overcast clouds,0.0,0
507,Tambun,ID,-6.26,107.07,78.01,94,40,4.7,thunderstorm with light rain,0.0,0
508,Polis,CY,35.04,32.43,78.8,88,20,6.93,few clouds,0.0,0
509,Te Anau,NZ,-45.42,167.72,43.12,84,100,6.46,overcast clouds,0.0,0
510,Menongue,AO,-14.66,17.69,59.63,33,0,3.44,clear sky,0.0,0
511,Oranjemund,NA,-28.55,16.43,55.83,69,0,21.43,light rain,0.25,0
512,Makokou,GA,0.57,12.86,72.03,93,100,3.76,moderate rain,3.27,0
513,Jiayuguan,CN,39.82,98.3,72.68,24,100,3.53,overcast clouds,0.0,0
514,Kavaratti,IN,10.57,72.64,82.67,74,100,9.73,overcast clouds,0.0,0
515,Caramay,PH,10.18,119.24,79.59,79,100,3.76,light rain,0.22,0
516,Bara,NG,10.37,10.73,73.98,84,67,6.26,light rain,0.12,0
517,Moses Lake,US,47.13,-119.28,80.6,26,1,5.82,clear sky,0.0,0
518,Shizunai,JP,42.33,142.37,64.15,74,100,4.25,overcast clouds,0.0,0
519,Rockwall,US,32.9,-96.4,96.01,59,10,1.99,clear sky,0.0,0
520,Labytnangi,RU,66.66,66.42,57.04,67,0,3.58,clear sky,0.0,0
521,Camacupa,AO,-12.02,17.48,62.44,38,4,1.32,clear sky,0.0,0
522,Outlook,CA,51.5,-107.05,76.33,49,100,11.05,overcast clouds,0.0,0
523,Vuktyl,RU,63.86,57.31,66.47,88,100,4.81,light rain,0.2,0
524,Kailua,US,21.4,-157.74,84.2,65,40,11.41,scattered clouds,0.0,0
525,Mount Pleasant,US,32.79,-79.86,87.8,79,40,9.17,scattered clouds,0.0,0
526,Mirabad,AF,30.44,61.84,91.09,14,0,25.66,clear sky,0.0,0
527,Abu Kamal,SY,34.45,40.92,91.63,21,25,8.46,scattered clouds,0.0,0
528,Gunnedah,AU,-30.98,150.25,51.8,100,90,5.82,overcast clouds,0.0,0
529,Sorland,NO,67.67,12.69,53.6,81,40,8.05,scattered clouds,0.0,0
530,Marienburg,PL,54.04,19.03,66.0,93,41,10.29,scattered clouds,0.0,0
531,Sumbe,AO,-11.21,13.84,70.48,83,93,6.91,overcast clouds,0.0,0
532,Olinda,BR,-8.01,-34.86,80.6,74,75,16.11,broken clouds,0.0,0
533,Sanchursk,RU,56.94,47.25,58.69,79,0,5.79,clear sky,0.0,0
534,Marzuq,YE,14.4,46.47,89.55,26,65,4.59,broken clouds,0.0,0
535,Broome,US,42.25,-75.83,80.01,73,75,8.05,broken clouds,0.0,0
536,Pringsewu,ID,-5.36,104.97,72.79,91,84,1.25,broken clouds,0.0,0
537,Friesoythe,DE,53.02,7.85,55.0,80,0,1.99,clear sky,0.0,0
538,Rawson,AR,-43.3,-65.1,44.91,55,0,21.23,clear sky,0.0,0
539,Azad Shahr,IR,34.79,48.57,73.54,22,36,9.06,scattered clouds,0.0,0
540,Tukrah,LY,32.53,20.58,74.86,70,0,10.29,clear sky,0.0,0
541,Curaca,BR,-8.99,-39.91,83.75,42,100,14.61,overcast clouds,0.0,0
542,Komsomolskiy,UZ,40.43,71.72,78.8,31,75,11.41,broken clouds,0.0,0
543,Arona,ES,28.1,-16.68,75.2,69,20,19.46,few clouds,0.0,0
544,Leningradskiy,RU,69.38,178.42,45.61,79,20,10.27,few clouds,0.0,0
545,Abu Dhabi,AE,24.47,54.37,95.0,63,0,4.7,clear sky,0.0,0
546,Whitehorse,CA,60.72,-135.05,59.0,54,90,9.17,overcast clouds,0.0,0
547,Bure,ET,10.7,37.07,56.71,94,88,2.84,light rain,0.28,0
548,Ewa Beach,US,21.32,-158.01,84.2,54,1,9.17,clear sky,0.0,0
549,Bilibino,RU,68.05,166.44,65.12,58,100,2.77,overcast clouds,0.0,0
550,Belaya Gora,RU,68.53,146.42,65.21,57,7,5.55,clear sky,0.0,0
551,Kahului,US,20.89,-156.47,86.0,51,40,20.8,scattered clouds,0.0,0
552,Xining,CN,36.62,101.77,58.19,53,100,2.57,overcast clouds,0.0,0
553,Morondava,MG,-20.28,44.28,70.74,85,0,10.67,clear sky,0.0,0
554,Piranshahr,IR,36.7,45.14,66.99,56,0,4.68,clear sky,0.0,0
